{"cameraMode":{"drawMode":0,"name":"Shaded","section":"Shading Mode"},"sceneLighting":false,"audioPlay":false,"sceneViewState":{"showFog":true,"showMaterialUpdate":false,"showSkybox":false,"showFlares":true,"showImageEffects":true,"showParticleSystems":true},"in2DMode":false,"pivot":{"x":-1.965999960899353,"y":1.1159999370574952,"z":0.07200014591217041},"rotation":{"x":0.14682382345199586,"y":-0.6360632181167603,"z":0.12467964738607407,"w":0.7473641037940979},"size":8.282322883605957,"orthographic":false}