{"cameraMode":{"drawMode":0,"name":"Shaded","section":"Shading Mode"},"sceneLighting":false,"audioPlay":false,"sceneViewState":{"showFog":true,"showMaterialUpdate":false,"showSkybox":false,"showFlares":true,"showImageEffects":true,"showParticleSystems":true},"in2DMode":false,"pivot":{"x":1.3411693572998047,"y":-0.34458014369010928,"z":-2.9617700576782228},"rotation":{"x":0.12190437316894531,"y":-0.8582909107208252,"z":0.4373946189880371,"w":0.23919236660003663},"size":8.17611312866211,"orthographic":false}