{"cameraMode":{"drawMode":0,"name":"Shaded","section":"Shading Mode"},"sceneLighting":false,"audioPlay":false,"sceneViewState":{"showFog":true,"showMaterialUpdate":false,"showSkybox":false,"showFlares":true,"showImageEffects":true,"showParticleSystems":true},"in2DMode":false,"pivot":{"x":2.384185791015625e-7,"y":0.6580173373222351,"z":-1.7881393432617188e-7},"rotation":{"x":0.039788056164979938,"y":0.957700252532959,"z":-0.23320817947387696,"w":0.1646539866924286},"size":5.98533296585083,"orthographic":false}