{"cameraMode":{"drawMode":0,"name":"Shaded","section":"Shading Mode"},"sceneLighting":false,"audioPlay":false,"sceneViewState":{"showFog":true,"showMaterialUpdate":false,"showSkybox":false,"showFlares":true,"showImageEffects":true,"showParticleSystems":true},"in2DMode":false,"pivot":{"x":-4.991888999938965e-7,"y":0.0,"z":0.1646924614906311},"rotation":{"x":0.039788056164979938,"y":0.957700252532959,"z":-0.23320817947387696,"w":0.1646539866924286},"size":6.924872875213623,"orthographic":false}