{"cameraMode":{"drawMode":0,"name":"Shaded","section":"Shading Mode"},"sceneLighting":false,"audioPlay":false,"sceneViewState":{"showFog":true,"showMaterialUpdate":false,"showSkybox":false,"showFlares":true,"showImageEffects":true,"showParticleSystems":true},"in2DMode":false,"pivot":{"x":0.0,"y":0.02032649517059326,"z":0.010163433849811554},"rotation":{"x":0.08940605074167252,"y":0.8980442881584168,"z":-0.2158810943365097,"w":0.3730890154838562},"size":0.8692371845245361,"orthographic":false}