{"cameraMode":{"drawMode":0,"name":"Shaded","section":"Shading Mode"},"sceneLighting":false,"audioPlay":false,"sceneViewState":{"showFog":true,"showMaterialUpdate":false,"showSkybox":false,"showFlares":true,"showImageEffects":true,"showParticleSystems":true},"in2DMode":false,"pivot":{"x":0.0,"y":0.44602343440055849,"z":-0.08728188276290894},"rotation":{"x":-0.16442535817623139,"y":0.4791187345981598,"z":-0.09157146513462067,"w":-0.8574856519699097},"size":4.615972995758057,"orthographic":false}