{"cameraMode":{"drawMode":0,"name":"Shaded","section":"Shading Mode"},"sceneLighting":false,"audioPlay":false,"sceneViewState":{"showFog":true,"showMaterialUpdate":false,"showSkybox":false,"showFlares":true,"showImageEffects":true,"showParticleSystems":true},"in2DMode":false,"pivot":{"x":1.4901161193847657e-7,"y":0.454593300819397,"z":0.03597235679626465},"rotation":{"x":-0.11238230764865875,"y":-0.7610214948654175,"z":0.13788801431655885,"w":-0.6240988373756409},"size":4.782238483428955,"orthographic":false}