{"cameraMode":{"drawMode":0,"name":"Shaded","section":"Shading Mode"},"sceneLighting":false,"audioPlay":false,"sceneViewState":{"showFog":true,"showMaterialUpdate":false,"showSkybox":false,"showFlares":true,"showImageEffects":true,"showParticleSystems":true},"in2DMode":false,"pivot":{"x":0.06270100176334381,"y":0.0,"z":0.8087354898452759},"rotation":{"x":-0.28595051169395449,"y":-0.6772899627685547,"z":0.3264147937297821,"w":-0.5943356156349182},"size":4.456242084503174,"orthographic":false}