{"cameraMode":{"drawMode":0,"name":"Shaded","section":"Shading Mode"},"sceneLighting":false,"audioPlay":false,"sceneViewState":{"showFog":true,"showMaterialUpdate":false,"showSkybox":false,"showFlares":true,"showImageEffects":true,"showParticleSystems":true},"in2DMode":false,"pivot":{"x":0.47777435183525088,"y":0.14791636168956757,"z":0.12627482414245606},"rotation":{"x":-0.011042377911508084,"y":0.9511224627494812,"z":-0.30709028244018557,"w":-0.03386540710926056},"size":7.204068183898926,"orthographic":false}