{"cameraMode":{"drawMode":0,"name":"Shaded","section":"Shading Mode"},"sceneLighting":false,"audioPlay":false,"sceneViewState":{"showFog":true,"showMaterialUpdate":false,"showSkybox":false,"showFlares":true,"showImageEffects":true,"showParticleSystems":true},"in2DMode":false,"pivot":{"x":5.960464477539063e-8,"y":0.2668710947036743,"z":0.11898910999298096},"rotation":{"x":-0.016843203455209733,"y":-0.844285249710083,"z":0.02698320895433426,"w":-0.5351863503456116},"size":1.1788501739501954,"orthographic":false}