{"cameraMode":{"drawMode":0,"name":"Shaded","section":"Shading Mode"},"sceneLighting":false,"audioPlay":false,"sceneViewState":{"showFog":true,"showMaterialUpdate":false,"showSkybox":false,"showFlares":true,"showImageEffects":true,"showParticleSystems":true},"in2DMode":false,"pivot":{"x":0.7551524639129639,"y":1.026910424232483,"z":16.155149459838868},"rotation":{"x":0.10670644789934159,"y":-0.8907618522644043,"z":0.27436861395835879,"w":0.34629347920417788},"size":9.584421157836914,"orthographic":false}