{"cameraMode":{"drawMode":0,"name":"Shaded","section":"Shading Mode"},"sceneLighting":false,"audioPlay":false,"sceneViewState":{"showFog":true,"showMaterialUpdate":false,"showSkybox":false,"showFlares":true,"showImageEffects":true,"showParticleSystems":true},"in2DMode":false,"pivot":{"x":0.0009539127349853516,"y":0.3003549575805664,"z":-0.036822617053985599},"rotation":{"x":0.2859953045845032,"y":0.4705950915813446,"z":-0.16471251845359803,"w":0.8184109926223755},"size":5.393844127655029,"orthographic":false}