{"cameraMode":{"drawMode":0,"name":"Shaded","section":"Shading Mode"},"sceneLighting":false,"audioPlay":false,"sceneViewState":{"showFog":true,"showMaterialUpdate":false,"showSkybox":false,"showFlares":true,"showImageEffects":true,"showParticleSystems":true},"in2DMode":false,"pivot":{"x":1.1920928955078126e-7,"y":-1.4901161193847657e-8,"z":-0.02141766995191574},"rotation":{"x":-0.1546616554260254,"y":0.8438189625740051,"z":-0.33547279238700869,"w":-0.38963621854782107},"size":1.0636546611785889,"orthographic":false}