{"cameraMode":{"drawMode":0,"name":"Shaded","section":"Shading Mode"},"sceneLighting":false,"audioPlay":false,"sceneViewState":{"showFog":true,"showMaterialUpdate":false,"showSkybox":false,"showFlares":true,"showImageEffects":true,"showParticleSystems":true},"in2DMode":false,"pivot":{"x":-2.2690114974975588,"y":0.38625437021255495,"z":-1.1019619703292847},"rotation":{"x":-0.010161603800952435,"y":0.918780505657196,"z":-0.3942103087902069,"w":-0.02297620102763176},"size":7.286242485046387,"orthographic":false}