{"cameraMode":{"drawMode":0,"name":"Shaded","section":"Shading Mode"},"sceneLighting":false,"audioPlay":false,"sceneViewState":{"showFog":true,"showMaterialUpdate":false,"showSkybox":false,"showFlares":true,"showImageEffects":true,"showParticleSystems":true},"in2DMode":false,"pivot":{"x":1.4901161193847657e-7,"y":0.454593300819397,"z":0.03597235679626465},"rotation":{"x":0.1256384551525116,"y":-0.8680382370948792,"z":0.39258235692977908,"w":0.27721014618873598},"size":4.782238483428955,"orthographic":false}