{"cameraMode":{"drawMode":0,"name":"Shaded","section":"Shading Mode"},"sceneLighting":false,"audioPlay":false,"sceneViewState":{"showFog":true,"showMaterialUpdate":false,"showSkybox":false,"showFlares":true,"showImageEffects":true,"showParticleSystems":true},"in2DMode":false,"pivot":{"x":0.0000019073486328125,"y":1.0269105434417725,"z":-0.04928390681743622},"rotation":{"x":0.03169916942715645,"y":-0.9679270386695862,"z":0.16147884726524354,"w":0.18995970487594605},"size":8.17611312866211,"orthographic":false}