{"cameraMode":{"drawMode":0,"name":"Shaded","section":"Shading Mode"},"sceneLighting":false,"audioPlay":false,"sceneViewState":{"showFog":true,"showMaterialUpdate":false,"showSkybox":false,"showFlares":true,"showImageEffects":true,"showParticleSystems":true},"in2DMode":false,"pivot":{"x":-0.0000014901161193847657,"y":0.6831068992614746,"z":5.960464477539063e-8},"rotation":{"x":0.039788056164979938,"y":0.957700252532959,"z":-0.23320817947387696,"w":0.1646539866924286},"size":2.631507158279419,"orthographic":false}